Track URI,Track Name,Album Name,Artist Name(s),Release Date,Duration (ms),Popularity,Explicit,Added By,Added At,Genres,Record Label,Danceability,Energy,Key,Loudness,Mode,Speechiness,Acousticness,Instrumentalness,Liveness,Valence,Tempo,Time Signature
spotify:track:512iuZfygeaybuoakIeXiN,"Five","Five","Spring Bingo",2025-08-22,155769,65,false,,2025-12-12T04:00:19Z,"lo-fi","Spring Bingo",0.567,0.0626,9,-21.385,0,0.0435,0.84,0.94,0.357,0.0929,208.013,4
spotify:track:3L6REEaOHHguItfa4RgYfx,"Evenings","Evenings","Breezonic",2025-10-19,150857,59,false,,2025-12-12T04:00:19Z,"lo-fi,lo-fi beats","Chill Caterpillar",0.596,0.141,0,-17.233,1,0.0294,0.65,0.85,0.113,0.285,104.002,4
spotify:track:7jcEaXD19od05Y4aqgffgW,"counting the days until we meet again","counting the days until we meet again","sad notes",2025-09-26,158125,66,false,,2025-12-12T04:00:19Z,"lo-fi","sad notes",0.463,0.0862,4,-27.005,1,0.0319,0.941,0.865,0.0859,0.058,113.938,4
spotify:track:3HivCVJPa249LI1anA9h5V,"midnight train ride","midnight train ride","lazyland",2025-11-14,147291,56,false,,2025-12-12T04:00:19Z,"","lazyland",0.412,0.137,10,-18.466,0,0.0405,0.731,0.935,0.111,0.115,110.465,4
spotify:track:11j0qQhHzDxOiItPenCc7e,"foam","foam","new vibe",2025-09-14,138305,66,false,,2025-12-12T04:00:19Z,"lo-fi","Chill Caterpillar",0.71,0.174,6,-22.36,1,0.0459,0.94,0.81,0.115,0.172,118.01,4
spotify:track:3DnFuL77hB7zIe1PTviSCi,"Iris","Iris","nate2timez",2025-10-31,134117,58,false,,2025-12-12T04:00:19Z,"dark ambient,lo-fi","Score a Score",0.47,0.151,0,-21.719,1,0.0368,0.93,0.959,0.0923,0.054,136.056,3
spotify:track:3CPfZ20IO32YwJU2rKoiq1,"potions","potions","heirloom",2025-10-05,114190,58,false,,2025-12-12T04:00:19Z,"lo-fi beats,lo-fi","Chill Caterpillar",0.575,0.141,5,-20.343,0,0.0371,0.622,0.805,0.125,0.366,140.075,3
spotify:track:2qPns3m7FxOgrFBPxLT1PG,"Hopeful","Hopeful","another night",2025-08-24,152191,58,false,,2025-12-12T04:00:19Z,"","Chill Caterpillar",0.671,0.217,10,-17.389,1,0.0581,0.788,0.907,0.0789,0.0785,94.036,4
spotify:track:6vF4LLcHVYeWAKNV7JT7VV,"Escape","Escape","Soulflu",2025-11-28,150857,52,false,,2025-12-12T04:00:19Z,"lo-fi","Overtone Studios",0.475,0.119,10,-18.996,1,0.03,0.913,0.956,0.107,0.0372,69.912,4
spotify:track:6tS0h6uKOg0Abvw3LJ0XBg,"Pillow Light","Pillow Light","Unmade Bed",2025-12-03,127846,41,false,,2025-12-12T04:00:19Z,"","Golden Hour",0.718,0.112,6,-14.67,1,0.0379,0.927,0.945,0.256,0.184,130.066,4
spotify:track:0V8gliTnW5GCFHF8wj2pnG,"Orient Silence","Orient Silence","Mellow Melt",2025-10-31,149125,57,false,,2025-12-12T04:00:19Z,"lo-fi","Mellow Melt",0.403,0.0593,7,-27.955,0,0.0279,0.926,0.896,0.0907,0.114,60.06,4
spotify:track:385fgx1lcfPAypihGYYfTT,"peaceful","peaceful","Lil Leaf",2025-10-26,149700,58,false,,2025-12-12T04:00:19Z,"lo-fi,lo-fi beats","Chill Caterpillar",0.59,0.174,3,-25.654,1,0.0622,0.932,0.895,0.104,0.242,99.965,4
spotify:track:2HaVN8CFGEufCHt4CWUQnK,"Triangle Luck","Triangle Luck","Duos On Mars",2025-11-14,162580,58,false,,2025-12-12T04:00:19Z,"lo-fi beats,lo-fi","Overtone Studios",0.65,0.0439,7,-18.329,0,0.0409,0.824,0.935,0.0756,0.366,62.011,4
spotify:track:57VbofiK1Eo7t0p8KbrpDq,"Wandering Haze","Wandering Haze","Tooslo",2025-08-22,148152,63,false,,2025-12-12T04:00:19Z,"lo-fi","Tooslo",0.621,0.0685,7,-21.465,1,0.0307,0.884,0.914,0.116,0.0749,91.029,4
spotify:track:3m5jVCSYM6fPp8g4aWhdN8,"End of Starts","End of Starts","Mellow Mirror",2025-12-05,132801,43,false,,2025-12-12T04:00:19Z,"lo-fi","Mellow Mirror",0.804,0.0545,1,-16.358,1,0.0972,0.958,0.931,0.119,0.0999,123.987,4
spotify:track:2CZf8wYy8bkDYDnEyBiA2J,"florale","florale","jean opal",2025-08-22,142222,62,false,,2025-12-12T04:00:19Z,"lo-fi,lo-fi beats","jean opal",0.557,0.021,3,-25.824,0,0.0416,0.968,0.884,0.108,0.338,108.033,4
spotify:track:55mSGigZFY4BETnc0pJoKM,"pillowloop","pillowloop","Analogue Alf",2025-08-29,114227,63,false,,2025-12-12T04:00:19Z,"lo-fi beats,lo-fi","Analogue Alf",0.707,0.242,9,-19.807,0,0.0366,0.65,0.917,0.11,0.248,80.965,4
spotify:track:2VuL7nGbgTYHsDDBtxZZGq,"Morning Light","Morning Light","Golden Mist",2025-11-09,125806,64,false,,2025-12-12T04:00:19Z,"lo-fi","Chill Caterpillar",0.699,0.132,3,-16.518,1,0.0369,0.946,0.93,0.103,0.298,123.946,4
spotify:track:1TAyi2YdPbbNYSULs0EXbP,"fade","fade","Beats on 21st",2025-03-09,147106,59,false,,2025-12-12T04:00:19Z,"lo-fi beats,lo-fi","Chill Caterpillar",0.701,0.15,2,-20.259,0,0.0339,0.907,0.938,0.107,0.105,102.01,4
spotify:track:12Vgtv9Ojfv8eN6DY3s6dQ,"did you call me?","did you call me?","heirloom",2025-11-30,118578,43,false,,2025-12-12T04:00:19Z,"lo-fi beats,lo-fi","Chill Caterpillar",0.779,0.0222,4,-18.668,0,0.0539,0.949,0.924,0.0556,0.387,121.973,4
spotify:track:513MdRzWL0kO9JXmXGv6C6,"Mostly Mine","Mostly Mine","Phlo X",2025-11-23,156197,50,false,,2025-12-12T04:00:19Z,"","Phlo X",0.702,0.0908,6,-23.264,1,0.053,0.558,0.939,0.0977,0.613,119.99,4
spotify:track:45PYuZOIYoote39ZCjlmB2,"Hazel","Hazel","nate2timez",2025-10-17,125538,56,false,,2025-12-12T04:00:19Z,"dark ambient,lo-fi","Score a Score",0.553,0.0923,7,-26.561,1,0.0324,0.947,0.927,0.106,0.0489,130.025,4
spotify:track:2ghWOTwCFmH9gcEqUze4A1,"Cloud Drift","Cloud Drift","entsy",2025-05-23,133333,60,false,,2025-12-12T04:00:19Z,"lo-fi beats,lo-fi","Calm Lands Music",0.54,0.144,1,-20.956,1,0.0375,0.911,0.878,0.124,0.162,81.033,3
spotify:track:3grDCNoz10P59lIs1JLbvi,"Blume","Blume","Spring Bingo",2025-05-30,154714,57,false,,2025-12-12T04:00:19Z,"lo-fi","Spring Bingo",0.572,0.0775,4,-24.33,0,0.0426,0.833,0.89,0.105,0.111,140.088,4
spotify:track:0OpsPckPFX5t1fEvPUDeER,"in a haze","in a haze","Kaptain Kola",2025-03-09,116923,58,false,,2025-12-12T04:00:19Z,"lo-fi,lo-fi beats","Chill Caterpillar",0.722,0.0742,1,-19.892,1,0.157,0.917,0.954,0.107,0.448,77.986,3
spotify:track:7xGt3D9WriNbOMpL9mpwtH,"Log","Log","Pacific Moods",2025-08-29,128000,58,false,,2025-12-12T04:00:19Z,"","Pacific Moods",0.582,0.0717,0,-20.02,1,0.0425,0.891,0.888,0.393,0.352,60.006,4
spotify:track:4qR6uehVA36HgGDSUdCCUv,"peach cordial","peach cordial","lilibu",2025-05-18,137484,56,false,,2025-12-12T04:00:19Z,"lo-fi,lo-fi beats","Chill Caterpillar",0.665,0.0573,2,-13.885,0,0.0478,0.892,0.859,0.587,0.284,66.991,4
spotify:track:1RfperHZ11qKktnKKyjkGm,"Sketchbook","Sketchbook","Zeitgeister",2025-10-05,113534,55,false,,2025-12-12T04:00:19Z,"lo-fi beats,lo-fi","Zeitgeister",0.786,0.0694,1,-22.712,1,0.0325,0.969,0.895,0.103,0.145,108.041,4
spotify:track:4K9JZ7uvEfBuquS7r2k8SM,"headway","happiness","morningtime;Blue Wednesday",2024-08-26,139000,56,false,,2025-12-12T04:00:19Z,"lo-fi,lo-fi beats,lo-fi hip hop","Lofi Records",0.699,0.23,11,-22.228,1,0.0548,0.92,0.924,0.126,0.424,123.955,4
spotify:track:65coIDNjNROuR0xGKC6xnB,"Soft Breeze","Soft Breeze","herman.",2025-09-05,164000,55,false,,2025-12-12T04:00:19Z,"lo-fi,lo-fi hip hop","herman.",0.708,0.0226,8,-24.881,1,0.0358,0.965,0.94,0.105,0.127,120.014,4
spotify:track:1XzURP8Kqghwdzw1Q3aABz,"Isular","Isular","lorleaf",2024-09-13,92841,59,false,,2025-12-12T04:00:19Z,"lo-fi beats,lo-fi,jazz beats","The Theory Behind",0.798,0.144,4,-12.798,0,0.2,0.452,0.943,0.0968,0.262,78.983,1
spotify:track:18IYE5it2VcLZfXiloYBS2,"for norah","for norah","mellow days;very noise person;Somebuddy",2025-10-03,114539,55,false,,2025-12-12T04:00:19Z,"jazz beats,lo-fi,lo-fi beats","Yawn Label",0.833,0.059,0,-24.911,1,0.102,0.96,0.8,0.0971,0.112,124.098,4
spotify:track:1KFJ8EotYsIJ71UsYth7Wh,"Tangerine","Tangerine","jzbts",2025-04-13,112977,55,false,,2025-12-12T04:00:19Z,"","jzbts",0.43,0.0334,0,-25.407,1,0.0396,0.627,0.918,0.111,0.154,118.992,4
spotify:track:0iHmdJI6aSAPzNBD3i1ns5,"Laissez-Faire","Laissez-Faire","Cloudroom",2025-08-27,128142,63,false,,2025-12-12T04:00:19Z,"lo-fi beats,lo-fi","Golden Hour",0.84,0.122,0,-14.526,1,0.0499,0.375,0.908,0.134,0.231,140.117,4
spotify:track:7ErxU5X7uQpatgORcdcTba,"Fading Into Memories","Fading Into Memories","Krynoze;so.tired",2025-11-14,120000,54,false,,2025-12-12T04:00:19Z,"lo-fi,lo-fi hip hop,lo-fi beats","into trembling silence",0.551,0.105,1,-25.018,1,0.0323,0.92,0.935,0.111,0.0604,84.013,4
spotify:track:6vIP0ju95U92HjqnHSushK,"monday coffee","monday coffee","Jazzamass",2025-07-11,130750,61,false,,2025-12-12T04:00:19Z,"lo-fi,lo-fi beats","Montagne Flum",0.701,0.068,1,-28.413,1,0.0439,0.935,0.84,0.108,0.413,119.894,4
spotify:track:4RvxAZ9aYCmxGhnmQVowLd,"Ash & Echoes","Ash & Echoes","Quinn Rain",2025-04-11,118965,55,false,,2025-12-12T04:00:19Z,"lo-fi,lo-fi beats","Quinn Rain",0.636,0.0229,4,-25.633,0,0.0388,0.939,0.928,0.101,0.166,116.108,4
spotify:track:66iC0fKiREldbjGpKIFTGX,"Settle","Settle","Floating Basket",2025-09-12,148000,56,false,,2025-12-12T04:00:19Z,"lo-fi,lo-fi beats","Floating Basket",0.692,0.104,5,-20.977,1,0.069,0.956,0.933,0.12,0.504,120.131,4
spotify:track:2W9bT5Axd73dDGvdmiRIlx,"night walk","night walk","bearé",2025-09-26,138125,55,false,,2025-12-12T04:00:19Z,"lo-fi","bearé",0.527,0.114,5,-24.547,1,0.0378,0.966,0.878,0.0925,0.0638,116.026,4
spotify:track:2m91VLJ1jLbfkUSNaagRhi,"Noontide","Noontide","haywrd",2025-04-13,170006,55,false,,2025-12-12T04:00:19Z,"lo-fi,lo-fi beats","Chill Caterpillar",0.814,0.103,7,-15.708,1,0.101,0.663,0.832,0.0962,0.459,80.009,4
spotify:track:6u4JirIqhSwRAblyeYq6hE,"Eating Clouds","Eating Clouds","Josa",2025-11-21,130524,53,false,,2025-12-12T04:00:19Z,"lo-fi beats,lo-fi","Fly By Records",0.428,0.15,1,-22.092,1,0.0386,0.825,0.911,0.111,0.0437,127.86,4
spotify:track:5bWVPe2OZZgiQqAll0BFgy,"butterfly effect","butterfly effect","muun lite",2025-07-20,151812,55,false,,2025-12-12T04:00:19Z,"lo-fi","Chill Caterpillar",0.65,0.0934,0,-17.196,1,0.111,0.978,0.914,0.112,0.111,116.028,4
spotify:track:11ty0SqMqKLesmdGOnfek2,"just us","just us","giannis wang",2025-05-18,147692,54,false,,2025-12-12T04:00:19Z,"lo-fi beats,lo-fi","giannis wang",0.461,0.194,0,-19.996,1,0.0677,0.948,0.929,0.0675,0.267,112.647,1
spotify:track:4qL9fcs4P32CNNnlMxbqiV,"pillow talk","pillow talk","Mumblo",2025-10-24,141851,54,false,,2025-12-12T04:00:19Z,"lo-fi","Overtone Studios",0.339,0.202,1,-20.364,1,0.0369,0.973,0.927,0.106,0.265,81.634,5
spotify:track:1eK7qgpd73cmd9qXPDkgPT,"Closing Time","Closing Time","A Space for Rent",2023-04-21,124947,54,false,,2025-12-12T04:00:19Z,"lo-fi","A Space for Rent",0.658,0.133,0,-17.68,0,0.0555,0.717,0.927,0.106,0.754,123.981,4
spotify:track:6fbviP6rquoNzsbYndjrEQ,"Cool Off","Cool Off","Indigo Songs",2025-07-04,131000,60,false,,2025-12-12T04:00:19Z,"lo-fi,lo-fi beats","Indigo Songs",0.681,0.122,4,-17.279,0,0.0477,0.94,0.942,0.0948,0.421,120.012,4
spotify:track:5QXS0gq2ytLiSDyWQdvrCR,"field of blue","field of blue","ourchase",2025-07-06,105722,55,false,,2025-12-12T04:00:19Z,"lo-fi","Chill Caterpillar",0.713,0.0835,7,-23.993,1,0.0708,0.896,0.956,0.0978,0.233,109.004,3
spotify:track:7JtFIWr0amm1sfMaTcTbyZ,"soaring summer","soaring summer","Fya Playce",2025-05-25,116691,60,false,,2025-12-12T04:00:19Z,"lo-fi beats,lo-fi","Chill Caterpillar",0.432,0.145,11,-17.425,1,0.0388,0.903,0.894,0.0844,0.146,108.812,1
spotify:track:3ufEq5B3zd2eRx3CcZpcVG,"Shades of Grey","Shades of Grey","Karen Alice",2024-05-10,127868,54,false,,2025-12-12T04:00:19Z,"lo-fi","Karen Alice",0.559,0.0705,0,-17.561,1,0.197,0.785,0.931,0.124,0.543,218.438,3
spotify:track:0QooHh98AR81PgML0Uz6g1,"kiko","kiko","lorleaf",2025-12-12,130081,40,false,,2025-12-12T04:00:19Z,"lo-fi beats,lo-fi,jazz beats","The Theory Behind",0.378,0.148,10,-18.049,0,0.393,0.9,0.607,0.102,0.199,182.81,3
spotify:track:3PBwsCeICLFIEFI2iZImyA,"Portal","Portal","ONDA;sepia tones",2025-10-08,145714,57,false,,2025-12-12T04:00:19Z,"","SAY LESS",0.515,0.027,7,-31.271,1,0.0343,0.949,0.941,0.106,0.0395,111.882,4
spotify:track:4LQ0TjIFk38xXNJVNoonSW,"slow river","slow river","ourchase",2025-07-20,103317,62,false,,2025-12-12T04:00:19Z,"lo-fi","Chill Caterpillar",0.732,0.0941,3,-21.194,1,0.097,0.935,0.955,0.1,0.113,117.183,4
spotify:track:2XWoaHilDGezt1YlLn7VVB,"Cozy Nights","Cozy Nights","Soulflu",2025-06-27,135272,60,false,,2025-12-12T04:00:19Z,"lo-fi","Soulflu",0.808,0.0594,5,-21.287,1,0.0505,0.84,0.935,0.111,0.154,110.023,4
spotify:track:583q9viG8tUw5Cxviil4wj,"Twilight","Twilight","Haku-San",2025-06-27,130660,59,false,,2025-12-12T04:00:19Z,"lo-fi,lo-fi beats","Haku-San",0.635,0.162,9,-16.87,1,0.169,0.917,0.342,0.109,0.393,67.659,4
spotify:track:24o7vNN4RFlGEgurIAHcRg,"Road 0679","Road 0679","Mellow Melt",2025-05-30,136125,59,false,,2025-12-12T04:00:19Z,"lo-fi","Mellow Melt",0.728,0.121,4,-21.382,1,0.0397,0.959,0.926,0.1,0.0453,120.001,4
spotify:track:5RZT7iLq4E9hSr6ljE7TXu,"sunday","sunday","nearly monday",2025-03-28,125281,53,false,,2025-12-12T04:00:19Z,"lo-fi,lo-fi beats","nearly monday",0.552,0.243,9,-14.337,0,0.0582,0.909,0.952,0.0796,0.166,142.059,4
spotify:track:4vwgYEmEdunbqi8Y7VDOLG,"last summer","last summer","ourchase",2025-05-18,115408,53,false,,2025-12-12T04:00:19Z,"lo-fi","Chill Caterpillar",0.668,0.0524,4,-28.021,0,0.316,0.749,0.912,0.104,0.391,150.014,3
spotify:track:2galeUSHnt7SisOIDUpXzV,"Always Waiting","Always Waiting","so.tired",2025-05-16,128571,53,false,,2025-12-12T04:00:19Z,"lo-fi","Settle / @settlefm",0.47,0.0219,1,-24.84,0,0.0326,0.837,0.881,0.113,0.0375,139.923,4
spotify:track:2N8VZJ6xIxIisrkwNTPw8H,"forest nights","forest nights","nightnotes",2025-06-20,139000,59,false,,2025-12-12T04:00:19Z,"lo-fi beats,lo-fi","nightnotes",0.469,0.0473,9,-20.659,0,0.03,0.955,0.95,0.0819,0.0415,65.025,4
spotify:track:1AIRo8fm2HRBijyK2R9tTv,"Deep","Deep","Spring Bingo",2025-10-31,160714,55,false,,2025-12-12T04:00:19Z,"lo-fi","Spring Bingo",0.663,0.134,4,-15.907,0,0.0491,0.873,0.943,0.109,0.071,111.952,4
spotify:track:4JVpk5H3oHWR55l1etHslh,"Cozy Vinylesque","Cozy Vinylesque","ax am",2025-05-09,194909,54,false,,2025-12-12T04:00:19Z,"lo-fi","ax am",0.746,0.0797,10,-22.547,1,0.0501,0.892,0.905,0.113,0.221,100.038,4
spotify:track:2fKbjJViZtgtHCvQwTFlRi,"back to back","back to back","Sid Southside",2025-08-03,141000,59,false,,2025-12-12T04:00:19Z,"lo-fi,lo-fi beats","Chill Caterpillar",0.424,0.192,9,-19.584,1,0.0547,0.949,0.938,0.361,0.0997,179.855,3
spotify:track:1jSUJRDOX8DZkT8mOKQMC9,"Locked Out","Locked Out","Nova Night",2025-06-29,112207,58,false,,2025-12-12T04:00:19Z,"lo-fi","Chill Caterpillar",0.637,0.032,9,-26.14,0,0.0416,0.955,0.859,0.0976,0.304,76.996,4
spotify:track:09bYYYVbm0W5DJAdq5lXkd,"beautiful imprefections","beautiful imperfections","Mondo Loops",2025-09-05,123076,53,false,,2025-12-12T04:00:19Z,"lo-fi hip hop,lo-fi,lo-fi beats","Mondo Loops Records",0.726,0.0594,2,-22.848,1,0.137,0.874,0.914,0.0902,0.118,78,4
spotify:track:5GPsqzfp70vEgspr5Jq69a,"Wandering at Midnight","Wandering at Midnight","Demized",2025-04-18,120250,53,false,,2025-12-12T04:00:19Z,"lo-fi","Demized",0.688,0.039,4,-18.812,1,0.0491,0.972,0.932,0.0966,0.151,120.048,4
spotify:track:1KEKJjPrc9hyml3x3wxrD4,"Passengers","Passengers","Golden Mist",2025-09-14,160916,54,false,,2025-12-12T04:00:19Z,"lo-fi","Chill Caterpillar",0.221,0.0289,6,-21.479,1,0.0393,0.918,0.927,0.0943,0.125,59.997,4
spotify:track:5ZoeTjSgPYBch4iP2JSyIK,"Velvet Cosmos","Velvet Cosmos","Senn",2025-08-29,78947,56,false,,2025-12-12T04:00:19Z,"lo-fi,dark ambient,lo-fi beats","freshgoodies music",0.665,0.222,10,-18.67,1,0.0648,0.578,0.534,0.106,0.0467,75.988,4
spotify:track:7C543iuc0sKWhPdSoCzWBV,"On the Metro","On the Metro","DeepFried",2025-10-05,115653,53,false,,2025-12-12T04:00:19Z,"lo-fi beats","DeepFried",0.482,0.0267,11,-26.366,0,0.0618,0.981,0.779,0.0855,0.188,89.895,1
spotify:track:5UBYETCIabaUKZcQ8ihx9N,"if only","if only","niteloops",2025-08-26,133461,53,false,,2025-12-12T04:00:19Z,"","Friends Of Friends",0.405,0.138,4,-23.893,1,0.0823,0.958,0.928,0.101,0.183,58.499,4
spotify:track:5Yr3Hd5gqRhLzRDOwCrGsG,"siljan","siljan","nightnotes",2025-05-16,162034,58,false,,2025-12-12T04:00:19Z,"lo-fi beats,lo-fi","nightnotes",0.417,0.0813,1,-25.956,0,0.031,0.895,0.9,0.0922,0.0389,86.094,4
spotify:track:296PtyBwDRi5dLobxeLxWW,"crispy","crispy","Breezonic",2025-04-20,126500,53,false,,2025-12-12T04:00:19Z,"lo-fi,lo-fi beats","Chill Caterpillar",0.91,0.238,0,-20.047,0,0.0769,0.694,0.938,0.12,0.745,120.003,4
spotify:track:43Lk7K3hE0j50Y8YkX5CrR,"Quiet","Quiet","Soft Dunes",2025-07-18,139500,59,false,,2025-12-12T04:00:19Z,"lo-fi beats,lo-fi","Soft Dunes",0.541,0.162,0,-19.974,0,0.0389,0.9,0.899,0.101,0.082,60.03,4
spotify:track:3WNuyRyvwZIV7K0PrEDhgH,"midday breeze","midday breeze","Zupa Fitz",2025-09-28,137729,54,false,,2025-12-12T04:00:19Z,"lo-fi beats,lo-fi","Chill Caterpillar",0.584,0.0816,1,-23.972,0,0.0312,0.953,0.95,0.0754,0.0364,62.043,4
spotify:track:64qu23p2mgK6xwPGvVnkx2,"lullaby","lullaby","faux kitsune",2025-05-16,128000,52,false,,2025-12-12T04:00:19Z,"lo-fi,lo-fi beats","Mega-Clout Sounds",0.477,0.0998,2,-25.11,0,0.0305,0.941,0.93,0.101,0.0692,59.988,5
spotify:track:2v0GqtA4G9tGqx13rtDs4h,"4:40 Am","4:40 Am","Pearldiver",2025-07-18,112846,55,false,,2025-12-12T04:00:19Z,"lo-fi,lo-fi beats","GMM",0.722,0.054,6,-20.357,0,0.0485,0.968,0.958,0.0954,0.061,129.961,4
spotify:track:7uaFkXXFrkRUFRXnhnsqnn,"Sap Green","Sap Green","Casiio;Sling Dilly",2024-04-12,101678,52,false,,2025-12-12T04:00:19Z,"lo-fi hip hop,lo-fi,lo-fi beats","urbanundergrounds",0.695,0.294,0,-17.066,1,0.0336,0.941,0.91,0.151,0.636,77.989,4
spotify:track:7nq7xsWZMgF6LicP1I7JaA,"Visions","Visions","Bomshi;minimog",2025-01-24,114285,52,false,,2025-12-12T04:00:19Z,"lo-fi beats,lo-fi,jazz beats","Blunt Shelter Records",0.649,0.241,5,-15.268,0,0.0676,0.845,0.443,0.114,0.212,83.979,4
spotify:track:0bFSQSxqsZ1tUif24rmrAY,"Better Now","Better Now","Moonloop",2025-08-27,130000,52,false,,2025-12-12T04:00:19Z,"lo-fi","Golden Hour",0.862,0.377,2,-11.902,1,0.035,0.94,0.883,0.136,0.39,120.02,4
spotify:track:2CjgqDnLImY8hkgn5RqjsE,"Between Dream","Between Dream","Dozy Duzzn",2024-12-13,125945,56,false,,2025-12-12T04:00:19Z,"lo-fi,lo-fi beats","Dozy Duzzn",0.602,0.0823,0,-27.587,0,0.0406,0.918,0.933,0.0955,0.143,110.972,4
spotify:track:0JNzya76xG0ubKczzLsvWo,"Idle","Idle","Moodal",2025-01-31,133849,52,false,,2025-12-12T04:00:19Z,"","Moodal",0.334,0.0948,8,-24.506,1,0.0281,0.854,0.903,0.111,0.192,103.986,4
spotify:track:5R4nEl8XfFBPS2kxk5KOgi,"if you do","if you do","loutwo",2025-03-16,150706,56,false,,2025-12-12T04:00:19Z,"lo-fi,lo-fi beats","Chill Caterpillar",0.673,0.123,5,-22.589,1,0.0347,0.927,0.891,0.0848,0.111,114.582,4
spotify:track:5HHXUqhU0nmdhWbyPjN46o,"long drive","long drive",".clouds",2025-07-15,121846,59,false,,2025-12-12T04:00:19Z,"lo-fi",".clouds",0.863,0.215,4,-15.586,1,0.0371,0.81,0.917,0.119,0.572,129.99,4
spotify:track:55A4cz4xvBtybJAguBzBSJ,"Wallflower","Wallflower","< b a r u b e a t >",2025-04-11,148250,54,false,,2025-12-12T04:00:19Z,"lo-fi beats,lo-fi","< b a r u b e a t >",0.753,0.184,2,-11.333,1,0.0455,0.837,0.941,0.105,0.231,120.226,4
spotify:track:1vM9obDatOvogSVdo1hxDR,"my own practice","my own practice","hoodeeny",2024-11-01,132761,52,false,,2025-12-12T04:00:19Z,"lo-fi","hoodeeny",0.564,0.338,1,-14.01,1,0.039,0.968,0.904,0.132,0.241,134.119,4
spotify:track:3yMn2sp3d6BBdb1xXaBVK3,"water lilies","water lilies","wuy-wuy",2025-08-08,162711,54,false,,2025-12-12T04:00:19Z,"","wuy-wuy",0.516,0.09,7,-25.01,1,0.0369,0.949,0.953,0.103,0.0383,118.005,4
spotify:track:2MGJydjBonGOlIzDQZL3dQ,"Midnight Stuff","Midnight Stuff","Duos On Mars",2024-10-11,129677,60,false,,2025-12-12T04:00:19Z,"lo-fi beats,lo-fi","Duos On Mars",0.541,0.174,5,-17.667,0,0.0967,0.937,0.866,0.124,0.186,58.738,4
spotify:track:7a6pu1aq2siFqMiLsLTcbB,"stay here forever","stay here forever","mutedvibes",2025-01-05,134400,55,false,,2025-12-12T04:00:19Z,"lo-fi beats,lo-fi","Chill Caterpillar",0.618,0.0533,1,-16.548,1,0.0368,0.947,0.94,0.0855,0.549,100.028,4
spotify:track:3RSxBajUUnUfHPZbriPzWT,"growing still","growing still","lilibu",2025-07-13,166578,54,false,,2025-12-12T04:00:19Z,"lo-fi,lo-fi beats","Chill Caterpillar",0.389,0.0746,10,-30.371,1,0.0322,0.978,0.931,0.111,0.106,173.303,4
spotify:track:7sadiGlN0XbM7D12N3FbPJ,"smiles","smiles","Kaptain Kola",2025-10-05,105387,52,false,,2025-12-12T04:00:19Z,"lo-fi,lo-fi beats","Chill Caterpillar",0.552,0.109,5,-24.282,1,0.0401,0.978,0.883,0.0679,0.0619,62.01,3
spotify:track:1jTP8vi2XAILpRTDG6xwx7,"blue moon","blue moon","johto;Samwise",2024-10-01,138000,52,false,,2025-12-12T04:00:19Z,"lo-fi,lo-fi hip hop,lo-fi beats","VinDig",0.644,0.257,0,-13.967,1,0.055,0.731,0.946,0.111,0.267,78.849,4
spotify:track:7N3szolYk64aEQ4enlKxNa,"you & i","you & i","luv pug;tezpu",2024-11-22,115910,52,false,,2025-12-12T04:00:19Z,"lo-fi,lo-fi beats,jazz beats","purity label",0.793,0.103,6,-21.836,1,0.0472,0.852,0.878,0.0965,0.148,115.951,4
spotify:track:4ntwIVXn4O1Chq697xZ1Cx,"Flowhaven","Flowhaven","Recaps",2025-03-14,160304,58,false,,2025-12-12T04:00:19Z,"lo-fi beats,lo-fi","Moonbike",0.705,0.256,10,-17.248,0,0.0611,0.752,0.837,0.105,0.47,78.968,4
spotify:track:46PM3cvVVSpFnco90yU4zk,"omw","omw","Knowmadic",2024-05-17,132000,56,false,,2025-12-12T04:00:19Z,"lo-fi beats,lo-fi,lo-fi hip hop","Nettwerk Music Group",0.587,0.12,0,-15.175,1,0.199,0.933,0.924,0.0945,0.349,80.113,4
spotify:track:1bDZbT1BvX6T2P2m5zHyv1,"Drift Into Dream","Drift Into Dream","Glow Down",2025-05-02,156587,51,false,,2025-12-12T04:00:19Z,"lo-fi beats,lo-fi","Glow Down",0.407,0.0881,10,-18.459,0,0.0401,0.983,0.941,0.118,0.443,118.956,4
spotify:track:0xcQHLr7ZYeH5XZFHGOTqv,"schoolyard at night","schoolyard at night","nearly monday",2025-06-27,134153,56,false,,2025-12-12T04:00:19Z,"lo-fi,lo-fi beats","nearly monday",0.338,0.0457,8,-20.834,1,0.0445,0.939,0.942,0.0957,0.196,113.357,5
spotify:track:5hqELfATuiNqZchjqMRxUO,"sunny days","sunny days","mxgnetic.",2025-04-11,128780,51,false,,2025-12-12T04:00:19Z,"lo-fi","mxgnetic.",0.489,0.17,0,-19.206,0,0.0572,0.725,0.89,0.107,0.43,137.037,1
spotify:track:4PZ8Fe2fuS7MDn8f8ggnSC,"Drizzle","Drizzle","silkwürm",2025-02-14,98500,58,false,,2025-12-12T04:00:19Z,"lo-fi beats,lo-fi","silkwürm",0.59,0.0877,7,-25.748,0,0.0362,0.987,0.933,0.0998,0.17,120.256,4
spotify:track:09pqU72mUtEf18YHWlnNkd,"rainfall","rainfall","Cozy Nordic",2024-11-13,162580,57,false,,2025-12-12T04:00:19Z,"lo-fi,lo-fi beats","Slumber Studios",0.457,0.0267,3,-26.224,1,0.0356,0.986,0.935,0.114,0.0916,62.018,4
spotify:track:2aC4EzyoeHagzpbzXZpCuS,"Jester's Lullaby","Jester's Lullaby","Hevi",2025-01-24,113684,54,false,,2025-12-12T04:00:19Z,"lo-fi hip hop,lo-fi,lo-fi beats","recordJet",0.615,0.11,4,-18.733,0,0.0409,0.949,0.953,0.11,0.234,76.055,4
spotify:track:2cM659ssY5NSXrLThF3FjH,"Midnight Garden","Midnight Garden","softwaves;Late Night Tones",2025-08-22,148000,51,false,,2025-12-12T04:00:19Z,"lo-fi,lo-fi beats","Score a Score",0.383,0.0508,2,-29.305,0,0.0345,0.956,0.864,0.107,0.0458,60.071,4
spotify:track:6A0Nu9iDYTjeCVXCm2fplq,"another time, another place","another time, another place","olbejom",2025-05-04,165861,51,false,,2025-12-12T04:00:19Z,"lo-fi","olbejom",0.689,0.0557,0,-22.503,1,0.0393,0.928,0.942,0.126,0.155,109.98,4
spotify:track:2Zs9CxPJXNuWPOw0UXkV5N,"Clouds in the Sky","Clouds in the Sky","DreamWavez",2025-03-14,125217,59,false,,2025-12-12T04:00:19Z,"lo-fi beats,lo-fi","DreamWavez",0.792,0.31,0,-15.111,0,0.0587,0.901,0.945,0.113,0.339,137.896,4
spotify:track:5m6OGO3gvsMrGc0pH8zy5K,"Vegetate","Vegetate","Moodal",2025-05-23,125045,53,false,,2025-12-12T04:00:19Z,"","Moodal",0.511,0.134,5,-25.423,1,0.0357,0.838,0.965,0.102,0.0396,80.005,5
spotify:track:3Aggx0pm7eh1hwcowukhRy,"the moon in your eyes","the moon in your eyes","slowburn",2024-07-18,167319,51,false,,2025-12-12T04:00:19Z,"lo-fi","slowburn",0.621,0.0825,3,-26.336,1,0.0321,0.844,0.879,0.112,0.17,104.006,4
spotify:track:4Ya8V46537FZVR6QBIjs50,"unwinding","unwinding","sumwut",2025-05-02,145671,51,false,,2025-12-12T04:00:19Z,"lo-fi","BAM BOO STU",0.712,0.154,8,-16.969,1,0.0493,0.734,0.893,0.114,0.338,88.006,4
spotify:track:574p3oZ9clAcRkM74jhj4d,"nightvision","nightvision","sellar",2024-09-08,143360,56,false,,2025-12-12T04:00:19Z,"lo-fi,lo-fi beats","Chill Caterpillar",0.569,0.175,0,-24.032,1,0.0367,0.783,0.926,0.111,0.16,105.05,4
spotify:track:5pjMm33lajx5bFf09iYQT0,"heath","heath","silkwürm",2025-01-10,121690,54,false,,2025-12-12T04:00:19Z,"lo-fi beats,lo-fi","silkwürm",0.347,0.179,1,-19.437,0,0.23,0.977,0.936,0.0954,0.187,71.063,4
spotify:track:3r77irWcZKid8Ywf4hCWUt,"floating","floating","rosewd",2025-06-01,122250,51,false,,2025-12-12T04:00:19Z,"lo-fi","Chill Caterpillar",0.654,0.256,3,-14.692,0,0.0333,0.308,0.912,0.544,0.283,114.002,4
spotify:track:7EwMbDsLmRfbX0bCil2RA6,"taste of coffee","taste of coffee","disco robots",2024-05-17,131633,51,false,,2025-12-12T04:00:19Z,"lo-fi","disco robots",0.538,0.144,2,-21.412,1,0.0648,0.979,0.953,0.0803,0.146,147.802,4
spotify:track:5yQXLsJZJBcQQV3mhuWDE4,"Dream Drift","Dream Drift","Dozy Duzzn",2024-07-07,124285,63,false,,2025-12-12T04:00:19Z,"lo-fi,lo-fi beats","Dozy Duzzn",0.686,0.0637,10,-23.875,1,0.038,0.952,0.948,0.102,0.146,112.07,4
spotify:track:54VhpeIRKA1qJx5WOo8pw9,"Zzz","Zzz","HM Surf;96 Zeus;fnonose",2025-10-08,161095,50,false,,2025-12-12T04:00:19Z,"lo-fi hip hop,lo-fi,lo-fi beats","HM Surf & 96 Zeus x fnonose",0.509,0.0685,8,-26.847,1,0.0375,0.918,0.895,0.0789,0.042,73.03,4
spotify:track:0e7GJUcTnb1HQZn73goySz,"5.50 Am","5.50 Am","Pearldiver",2025-02-28,122950,51,false,,2025-12-12T04:00:19Z,"lo-fi,lo-fi beats","GMM",0.656,0.0838,4,-22.227,0,0.0592,0.73,0.893,0.107,0.223,122.042,4
spotify:track:178aGmer2dlhSEfd08HCv5,"Last Dream","Last Dream","cxlt.;Dontcry",2024-07-26,134400,52,false,,2025-12-12T04:00:19Z,"lo-fi hip hop,lo-fi,lo-fi beats","Sleep Tales",0.55,0.0346,7,-26.372,1,0.0311,0.949,0.934,0.072,0.103,100.05,4
spotify:track:2FgAvwHYNmRsjr9ROpAuHJ,"a place both wonderful & strange","a place both wonderful & strange","olbejom",2025-05-18,129108,53,false,,2025-12-12T04:00:19Z,"lo-fi","olbejom",0.637,0.0235,0,-30.836,1,0.0334,0.972,0.952,0.103,0.333,110.01,4
spotify:track:3Uuo65tSdVDAQTRITXGTWE,"kinda nice","kinda nice","Earium",2024-07-07,140000,55,false,,2025-12-12T04:00:19Z,"lo-fi","Earium",0.581,0.216,0,-21.645,1,0.0473,0.861,0.871,0.112,0.0351,122.047,4
spotify:track:2Is19Hcy0tSoCUNCJSdRRE,"swell","swell","jpegdonn",2024-02-23,108000,50,false,,2025-12-12T04:00:19Z,"lo-fi beats,lo-fi","jpegdonn",0.452,0.153,3,-21.878,1,0.0418,0.983,0.951,0.107,0.181,80.073,4
spotify:track:0F6Irj8z2glFrxpthcMLxQ,"Selfcare","Selfcare","its-ya-boi",2025-04-04,158117,50,false,,2025-12-12T04:00:19Z,"lo-fi beats,lo-fi","its-ya-boi",0.67,0.265,9,-14.372,0,0.0367,0.724,0.926,0.0826,0.103,85.147,4
spotify:track:6Tmhesk2tLiJtJ52Al3nQ1,"constellations","constellations","butterfli",2025-03-23,144000,50,false,,2025-12-12T04:00:19Z,"lo-fi,lo-fi beats","Chill Caterpillar",0.307,0.0807,7,-30.098,0,0.037,0.925,0.947,0.0877,0.108,113.966,4
spotify:track:5cqIGGT3R7YmvMaHv90x4E,"Warm Sheets","Warm Sheets","Sleepy Titan",2025-08-08,143448,51,false,,2025-12-12T04:00:19Z,"lo-fi,lo-fi beats","Calm Lands Music",0.556,0.182,5,-17.349,1,0.0435,0.967,0.956,0.0923,0.218,174.152,4
spotify:track:5SISyCOlTo2J1w5sDRkW6D,"my respite","my respite / goldfinger (Reworks)","linanthem",2025-01-31,140571,57,false,,2025-12-12T04:00:19Z,"lo-fi beats,jazz beats,lo-fi,lo-fi hip hop","Nettwerk Music Group",0.634,0.369,1,-17.956,0,0.0522,0.564,0.928,0.205,0.322,70.051,4
spotify:track:2tIuYjDRwnJfJEt4uDEjRl,"ghee","ghee","lilibu",2024-10-20,180000,63,false,,2025-12-12T04:00:19Z,"lo-fi,lo-fi beats","Chill Caterpillar",0.695,0.204,1,-16.089,1,0.0397,0.704,0.918,0.623,0.417,102.012,4
spotify:track:2aL37gKJ4SoLAaGbhiqHAO,"if","if","softclouds",2025-08-03,150674,54,false,,2025-12-12T04:00:19Z,"lo-fi,lo-fi beats","Chill Caterpillar",0.644,0.0718,0,-21.198,1,0.0333,0.976,0.95,0.134,0.214,128.069,4
spotify:track:3QK1gFa90lLKidrxZiwxI0,"coconut kisses","coconut kisses","Nice Gii",2025-05-25,148894,57,false,,2025-12-12T04:00:19Z,"lo-fi beats,lo-fi","Chill Caterpillar",0.684,0.0947,3,-14.985,0,0.0365,0.946,0.874,0.132,0.396,108.037,4
spotify:track:0RMhdbMSfq33b3rdaRPa30,"wetlands","wetlands","Rustique Beats",2025-04-06,126943,50,false,,2025-12-12T04:00:19Z,"lo-fi beats,lo-fi","Chill Caterpillar",0.488,0.155,8,-19.003,1,0.0986,0.877,0.882,0.101,0.0913,142.044,4
spotify:track:1mHwCUn7DDawEehvDjlC3T,"serendipity","serendipity","haywrd",2025-03-09,183333,51,false,,2025-12-12T04:00:19Z,"lo-fi,lo-fi beats","Chill Caterpillar",0.786,0.0769,10,-16.341,1,0.117,0.876,0.877,0.108,0.294,75.011,4
spotify:track:5WSeGLrVasweaWijZOrlyt,"from me to you","from me to you","Lenny Loops;Dontcry",2024-10-04,135384,50,false,,2025-12-12T04:00:19Z,"lo-fi,lo-fi hip hop,lo-fi beats","Lenny Loops & Dontcry",0.472,0.0388,10,-29.458,1,0.0405,0.969,0.928,0.109,0.0767,77.993,4
spotify:track:5R0TJAkO6H1u1ZIp5auDIc,"memories","memories","stephanie dewalee",2024-05-17,126657,50,false,,2025-12-12T04:00:19Z,"lo-fi","stephanie dewalee",0.446,0.126,0,-20.933,0,0.0993,0.903,0.964,0.155,0.288,39.457,4
spotify:track:5VEiJ4VqtQlgT7pqXjRvCW,"Shadows","Shadows","Mellow Mirror",2025-04-11,123574,51,false,,2025-12-12T04:00:19Z,"lo-fi","Mellow Mirror",0.601,0.0554,5,-20.04,1,0.0473,0.968,0.948,0.0976,0.077,111.032,4
spotify:track:3VolXPYyNr222J89OHl8u0,"pillow dreams","pillow dreams","evelina mist",2024-03-15,121967,51,false,,2025-12-12T04:00:19Z,"lo-fi","evelina mist",0.563,0.0895,1,-22.084,0,0.0328,0.863,0.818,0.0772,0.135,122.197,4
spotify:track:5qirk6OgA1PzJhBxAOnTyi,"seek somebody","seek somebody","Kaptain Kola",2024-06-30,164487,55,false,,2025-12-12T04:00:19Z,"lo-fi,lo-fi beats","Chill Caterpillar",0.494,0.0617,3,-22.708,1,0.0486,0.972,0.942,0.116,0.199,59.606,4
spotify:track:4XGhMOaPEVQYmhZbI4LxYG,"solace","solace","louke's beats",2025-03-16,145331,50,false,,2025-12-12T04:00:19Z,"lo-fi,lo-fi beats","Chill Caterpillar",0.658,0.164,1,-21.3,1,0.0649,0.568,0.914,0.102,0.147,133.876,4
spotify:track:6ehKIufwrcNY6oJhSR90hM,"Autumn Views","Autumn Views","Mr Clyde",2025-02-07,94000,57,false,,2025-12-12T04:00:19Z,"lo-fi beats,lo-fi","Mr Clyde",0.652,0.141,6,-16.253,1,0.0635,0.797,0.904,0.0989,0.307,68.913,4
spotify:track:3fI33pGId8m2csuVaVwIl6,"Sunday","Sunday","Mellow Melt",2024-03-01,135879,51,false,,2025-12-12T04:00:19Z,"lo-fi","Mellow Melt",0.533,0.125,1,-18.458,1,0.0293,0.868,0.796,0.0996,0.0503,108.002,4
spotify:track:4iuQ5DwUqpOXfazF3S4pHG,"Beam Me Up","Beam Me Up","Adam Space",2024-09-13,123750,59,false,,2025-12-12T04:00:19Z,"lo-fi","Adam Space",0.895,0.267,2,-11.247,1,0.0883,0.668,0.925,0.103,0.345,128.012,4
spotify:track:5D0r1uBb8jOBH4djqq6weE,"gloaming atmospheres","gloaming atmospheres","Harry G's Beats",2024-03-10,149166,51,false,,2025-12-12T04:00:19Z,"lo-fi","Chill Caterpillar",0.306,0.0763,6,-25.163,0,0.036,0.917,0.932,0.103,0.051,114.461,4
spotify:track:5dEQOeG2W10DxLAtUBLCLc,"Grass","Grass","Tom Doolie",2025-03-21,104025,50,false,,2025-12-12T04:00:19Z,"lo-fi hip hop,lo-fi,lo-fi beats","PLYGRND",0.514,0.275,9,-11.812,1,0.224,0.926,0.864,0.253,0.211,80.751,4
spotify:track:5AKh7wnYUVtKgMfHfEK9GW,"Fluffy","Fluffy","Lil Leaf",2025-01-19,149620,53,false,,2025-12-12T04:00:19Z,"lo-fi,lo-fi beats","Chill Caterpillar",0.505,0.0484,1,-18.657,1,0.0308,0.935,0.953,0.11,0.159,79.005,3
spotify:track:3IqfukMjUfGnheoVpwbmIt,"Underglow","Underglow","Golden Mist",2025-04-13,128356,49,false,,2025-12-12T04:00:19Z,"lo-fi","Chill Caterpillar",0.748,0.227,8,-12.226,1,0.0512,0.896,0.952,0.115,0.149,140,4
spotify:track:0i0jD8aZfX9nZiVPOW2MuW,"Call","Call","Indigo Songs",2025-01-24,149000,49,false,,2025-12-12T04:00:19Z,"lo-fi,lo-fi beats","Indigo Songs",0.615,0.0751,0,-21.637,0,0.0885,0.978,0.958,0.117,0.176,120.011,4
spotify:track:1r8icnNvDtJktIocc0pXOb,"in the pines","in the pines","Bcalm;Banks",2024-07-08,142222,50,false,,2025-12-12T04:00:19Z,"lo-fi,lo-fi hip hop,lo-fi beats","Bcalm & Banks",0.549,0.0254,10,-25.777,1,0.0347,0.974,0.933,0.0948,0.0479,107.959,4
spotify:track:1yZDGH6ufJ0t9cf65di8Ri,"Tranquil","Tranquil","Floating Basket",2025-02-07,137454,59,false,,2025-12-12T04:00:19Z,"lo-fi,lo-fi beats","Floating Basket",0.545,0.103,7,-19.47,1,0.051,0.848,0.877,0.394,0.24,109.993,4
spotify:track:3TqgfaS6WDLbyIAnhBJ6YX,"Violet","Violet","Lily of The Valley",2025-04-11,157674,49,false,,2025-12-12T04:00:19Z,"lo-fi","Lily of The Valley",0.496,0.115,4,-21.735,1,0.048,0.811,0.881,0.112,0.0708,171.947,4
spotify:track:4D9hOQKRnYn3NX1v2WiX1s,"Quiescent","Quiescent","Soft Fortune",2025-01-17,140000,53,false,,2025-12-12T04:00:19Z,"lo-fi","Soft Fortune",0.655,0.0976,4,-15.128,1,0.0392,0.631,0.949,0.0902,0.297,78.068,4
spotify:track:0zTPWJ63MIYzuox9NbBAvd,"Memories","Blinds","Dontcry;Nokiaa",2024-09-06,96000,55,false,,2025-12-12T04:00:19Z,"lo-fi,lo-fi hip hop,lo-fi beats","Dreamseeker",0.629,0.0876,3,-23.546,1,0.0426,0.901,0.94,0.107,0.046,119.769,3
spotify:track:1EfRIMGa28dH3Adr11HPLn,"Always What It Seems","Always What It Seems","Guustavv",2024-04-18,138461,49,false,,2025-12-12T04:00:19Z,"lo-fi beats,lo-fi","Epidemic Sound",0.701,0.0926,5,-13.841,0,0.066,0.894,0.913,0.109,0.424,156.028,4
spotify:track:2uAq0cR3Oaa83DJfrv9h4k,"insomnia","insomnia","mellow fox",2025-01-30,113084,51,false,,2025-12-12T04:00:19Z,"lo-fi","mellow fox",0.658,0.0787,4,-21.448,0,0.0363,0.946,0.93,0.0928,0.104,138.076,4
spotify:track:4zS59362dyP7KThMCGiUEt,"NapBeats","NapBeats","Dozy Duzzn",2024-08-04,124444,52,false,,2025-12-12T04:00:19Z,"lo-fi,lo-fi beats","Dozy Duzzn",0.562,0.0514,1,-18.681,0,0.0308,0.956,0.919,0.128,0.0377,108.006,4
spotify:track:3WyADPGAnvUkAt6dR9pL0B,"Visit","Visit","Phlocalyst;B-Side",2025-03-26,118192,50,false,,2025-12-12T04:00:19Z,"lo-fi,lo-fi hip hop,jazz beats,lo-fi beats","PLYGRND",0.777,0.177,4,-18.324,0,0.393,0.638,0.923,0.1,0.622,77.021,4
spotify:track:0XIFV4GDAm0eGSpzDQgU5o,"an endless spring","an endless spring","slowburn",2025-03-27,112491,50,false,,2025-12-12T04:00:19Z,"lo-fi","slowburn",0.678,0.143,1,-16.541,1,0.0626,0.895,0.969,0.115,0.466,140.059,4
spotify:track:6J0AggmWHenT6C8ORVzoPE,"The Shore","The Shore","amies;cxlt.",2025-03-28,132000,49,false,,2025-12-12T04:00:19Z,"lo-fi hip hop,lo-fi,lo-fi beats","amies & cxlt.",0.44,0.0873,2,-26.469,1,0.0357,0.899,0.943,0.118,0.0386,131.937,4
spotify:track:1oxbRHkBMJCOSxt6WAL41F,"Island Bounce","Island Bounce","Hi Hat Henry",2024-07-17,147788,60,false,,2025-12-12T04:00:19Z,"lo-fi beats,lo-fi","Hi Hat Henry",0.61,0.163,9,-21.359,0,0.0366,0.973,0.951,0.105,0.0791,130.122,4
spotify:track:79nz6puC2rx26h5JHH2sju,"cocoon","cocoon","sellar",2024-08-25,148770,54,false,,2025-12-12T04:00:19Z,"lo-fi,lo-fi beats","Chill Caterpillar",0.222,0.0616,0,-23.261,1,0.0317,0.988,0.935,0.099,0.0393,54.998,4
spotify:track:4TrxWjFGGjmfqcLxdL8Wbb,"window seat","window seat","chill.farm",2025-06-06,187657,59,false,,2025-12-12T04:00:19Z,"lo-fi beats,lo-fi,smooth jazz","Fergus & Fish",0.638,0.219,0,-16.686,0,0.0447,0.863,0.905,0.111,0.613,129.968,5
spotify:track:1qe9oC3nIxY7vWN5ybPeCe,"robinsong","robinsong","Kainbeats",2024-07-22,139038,55,false,,2025-12-12T04:00:19Z,"lo-fi,lo-fi hip hop,lo-fi beats","Dreamseeker",0.724,0.0194,11,-28.402,1,0.0341,0.988,0.959,0.0696,0.0564,104.084,4
spotify:track:0VpwwwGr5W2m2E2KGkRu0I,"Nagi","Nagi","Shimon Hoshino",2025-01-15,171428,50,false,,2025-12-12T04:00:19Z,"lo-fi beats,lo-fi","INSENSE MUSIC WORKS INC.",0.618,0.286,0,-15.245,1,0.0541,0.95,0.703,0.111,0.184,140.018,4
spotify:track:5x1met9DVNVPW2RxxGPfcM,"Lost in Dreams","Lost in Dreams","hoodeeny",2025-06-06,146666,51,false,,2025-12-12T04:00:19Z,"lo-fi","Tombola Music",0.229,0.162,4,-21.925,1,0.0426,0.958,0.941,0.0742,0.443,84.377,1
spotify:track:09DXSmc78RnUMRCTlConEy,"Butter Knife","Butter Knife","Idle Cave",2025-03-14,150000,52,false,,2025-12-12T04:00:19Z,"lo-fi","Idle Cave",0.541,0.104,5,-21.423,0,0.041,0.886,0.895,0.104,0.137,71.983,4
spotify:track:6qSwCH11dUzTMU6dxvDtRo,"deep reverie","deep reverie","buggy beats",2024-03-22,153362,56,false,,2025-12-12T04:00:19Z,"lo-fi beats,lo-fi","buggy beats",0.523,0.0929,0,-20.861,1,0.092,0.919,0.885,0.109,0.192,116.163,4
spotify:track:1CD2MgEdfoNHPSRgSfYkn8,"itori","itori","Curly Tree",2024-11-10,132880,49,false,,2025-12-12T04:00:19Z,"lo-fi","Curly Tree",0.343,0.124,9,-23.61,0,0.033,0.57,0.938,0.111,0.0377,54.268,4
spotify:track:0x0XaXiKrUFoCTnrDFXgdt,"watercolour","watercolour","Zoe Reed",2023-12-10,120458,54,false,,2025-12-12T04:00:19Z,"lo-fi beats,lo-fi","Chill Caterpillar",0.836,0.048,2,-14.768,0,0.051,0.193,0.894,0.101,0.228,119.954,4
spotify:track:1RaYGs0MT9wV3yIaudL6KW,"Bus Stop","Bus Stop","iasilma",2025-01-17,112125,55,false,,2025-12-12T04:00:19Z,"lo-fi,lo-fi beats","Boshi Collective",0.677,0.123,9,-19.252,0,0.0436,0.932,0.95,0.107,0.0667,120.008,4
spotify:track:0QeAaK8CFKkh2qmCt3YHco,"Underwater Blue","Underwater Blue","MyceliumBug",2025-01-17,102089,49,false,,2025-12-12T04:00:19Z,"lo-fi,jazz beats","TAVAE Music",0.687,0.044,2,-22.707,0,0.037,0.938,0.897,0.101,0.0395,134.029,4
spotify:track:5o4jIEMBoCDuM5OBH9Oxu8,"Easy Days","Easy Days","Kainbeats;YODAKA",2025-02-06,134366,50,false,,2025-12-12T04:00:19Z,"lo-fi,lo-fi hip hop,lo-fi beats","Dreamseeker",0.701,0.0735,4,-16.021,0,0.0388,0.732,0.922,0.105,0.473,142.022,4
spotify:track:62zfzTVCAvK7iceTH7eXBF,"knowing","Knowing","yvwn.",2025-02-21,103134,49,false,,2025-12-12T04:00:19Z,"lo-fi","into trembling silence",0.602,0.206,0,-24.057,1,0.0342,0.911,0.958,0.0953,0.194,139.838,4
spotify:track:72VPz6obgR5JjPCv8uRotp,"Avocades","Avocades","Breakfast For Brunch",2024-01-19,131157,52,false,,2025-12-12T04:00:19Z,"lo-fi beats,lo-fi","Breakfast For Brunch",0.671,0.204,0,-16.153,1,0.0379,0.919,0.931,0.122,0.358,62.944,4
spotify:track:2zoSvGZXm4NSLHd5oBNtUc,"Big Fish","Big Fish","Hi Hat Henry",2024-09-06,155120,50,false,,2025-12-12T04:00:19Z,"lo-fi beats,lo-fi","Hi Hat Henry",0.556,0.26,1,-15.528,1,0.0387,0.698,0.907,0.116,0.107,124.005,3
spotify:track:6WgZFFZA4quhLJc0Ay2bHS,"Soft lap","Soft lap","Dino P",2024-05-15,172326,49,false,,2025-12-12T04:00:19Z,"lo-fi","Dino P",0.672,0.3,6,-12.305,0,0.0283,0.348,0.918,0.118,0.344,132.054,4
spotify:track:2LUKL6s5pRci7b33Kbx18V,"Skyfloat","Skyfloat","Mr. Käfer",2025-04-04,138795,49,false,,2025-12-12T04:00:19Z,"lo-fi hip hop,lo-fi beats,lo-fi,jazz beats,jazz rap","Mr. Käfer",0.765,0.174,0,-14.318,0,0.0814,0.811,0.899,0.0949,0.489,83.034,4
spotify:track:1SadNNfKugUYlaXTZO9g7c,"camping trip","camping trip","Collinsworthy",2024-01-19,159750,56,false,,2025-12-12T04:00:19Z,"lo-fi,lo-fi beats","aisle filler",0.615,0.0455,0,-17.469,1,0.0367,0.942,0.921,0.0899,0.038,71.045,4
spotify:track:1m5O3VNj0yGcZdzg5NxMCF,"Duende","Duende","flâneur;Dani Catalá;dennisivnvc",2024-04-04,133955,55,false,,2025-12-12T04:00:19Z,"lo-fi,lo-fi beats,jazz beats","Fortune Cookie Records",0.521,0.34,7,-11.597,0,0.106,0.67,0.882,0.115,0.481,83.625,4
spotify:track:7gDvDMEIlY8ocNh0OpptRB,"Midnight Groove","Midnight Groove","Nova Night",2024-06-30,139130,58,false,,2025-12-12T04:00:19Z,"lo-fi","Chill Caterpillar",0.591,0.113,11,-22.226,1,0.0335,0.928,0.883,0.11,0.122,137.954,4
spotify:track:3596EdDGZEzM9UPr9w2I0w,"trail running","trail running","le gronk",2024-03-15,161311,57,false,,2025-12-12T04:00:19Z,"lo-fi,lo-fi beats","aisle filler",0.538,0.0379,4,-22.543,1,0.0306,0.977,0.911,0.0846,0.0422,61.028,4
spotify:track:3J82z7LudT4vCsgj7GfPVV,"Winter Artifacts","Winter Artifacts","Carl Borg",2024-02-27,159652,52,false,,2025-12-12T04:00:19Z,"dark ambient","Moonbike",0.838,0.21,1,-11.881,1,0.0366,0.565,0.945,0.0993,0.609,123.965,4
spotify:track:48nzx6VaEJnPYY3lkHoPK9,"Medusa","Medusa","Twindex;lov sum",2024-08-09,115862,50,false,,2025-12-12T04:00:19Z,"lo-fi","Sleep Tales",0.69,0.167,8,-18.667,1,0.0373,0.921,0.924,0.14,0.118,116.029,4
spotify:track:1UrIQUwOYP1U4c9P2BOYGP,"Dreamwave","Dreamwave","Calmster",2024-04-02,163157,49,false,,2025-12-12T04:00:19Z,"lo-fi","Calmster",0.539,0.218,2,-23.85,0,0.0461,0.955,0.911,0.103,0.0725,144.134,4
spotify:track:08fWv17k9llzVRJ4hxq2aX,"Summer Nights","Summer Nights","Asokiah",2024-06-07,112000,49,false,,2025-12-12T04:00:19Z,"lo-fi","Asokiah",0.794,0.106,2,-12.765,0,0.0484,0.954,0.965,0.115,0.169,119.961,4
spotify:track:5Rcl118NjsWCa1PIQSnztI,"mumbling","mumbling","Meliona",2024-02-09,120990,49,false,,2025-12-12T04:00:19Z,"lo-fi","Meliona",0.584,0.0334,1,-29.296,1,0.0451,0.789,0.94,0.111,0.067,60.019,4
spotify:track:2Hd40y9JK6sTNstfcM91hN,"morning haze","morning haze","skyshapes",2025-04-13,168421,48,false,,2025-12-12T04:00:19Z,"lo-fi","Chill Caterpillar",0.666,0.194,9,-18.583,1,0.0331,0.922,0.888,0.062,0.243,113.964,4
spotify:track:2NWAI9czEGyyB9WZvMgFkI,"énouement","énouement","Hoogway;Lenny Loops",2024-11-22,133846,49,false,,2025-12-12T04:00:19Z,"lo-fi hip hop,lo-fi,lo-fi beats","Hoogway",0.554,0.0496,6,-24.81,1,0.0295,0.972,0.892,0.116,0.0366,103.822,4
spotify:track:3a61DHhrJhe7jpgWrSW0ln,"adjustment","adjustment","Ryder 003",2023-08-27,133226,51,false,,2025-12-12T04:00:19Z,"lo-fi","Ryder 003",0.633,0.0435,6,-24.955,1,0.038,0.898,0.953,0.109,0.0817,110.057,4
spotify:track:0EO2YsUyTRDvXgET97TEsF,"Airy Dream","Airy Dream","poems",2024-09-27,129896,56,false,,2025-12-12T04:00:19Z,"lo-fi beats,lo-fi","poems",0.509,0.168,5,-18.382,0,0.0279,0.903,0.519,0.167,0.239,96.936,4
spotify:track:5PXW1rFIHsKhU0LMSkinZn,"at the blue hour","at the blue hour","Lenny Loops;Nokiaa",2024-09-02,104727,55,false,,2025-12-12T04:00:19Z,"lo-fi,lo-fi hip hop,lo-fi beats","Lenny Loops",0.655,0.0316,8,-24.113,1,0.0868,0.958,0.955,0.105,0.0978,109.898,4
spotify:track:0SPakj2sm0Q3oJ4rEj9Jhi,"spinal chords","spinal chords","fontatron",2023-08-27,135558,53,false,,2025-12-12T04:00:19Z,"lo-fi","fontatron",0.538,0.0758,4,-26.319,1,0.0372,0.97,0.923,0.103,0.187,115.986,4
spotify:track:5J8OiTo5EjbnLE1t8MIW3r,"Disclosure","Disclosure","amies;Hoffy Beats",2025-01-24,177534,53,false,,2025-12-12T04:00:19Z,"lo-fi hip hop,lo-fi,lo-fi beats,jazz beats","Overgrown Tapes",0.653,0.305,8,-15.891,0,0.0427,0.798,0.938,0.0976,0.222,146.067,4
spotify:track:0cXj6Yndfr7rEPQdpVOI9i,"Kanto","Kanto","JoJo Mojo",2024-03-08,144722,54,false,,2025-12-12T04:00:19Z,"lo-fi beats,lo-fi","JoJo Mojo",0.663,0.104,7,-19.989,1,0.0343,0.912,0.924,0.088,0.07,108.057,4
spotify:track:6VPOo6tFLG6RyBcapdfRm3,"lacuna","lacuna","Bcalm;Casiio",2024-09-02,124800,55,false,,2025-12-12T04:00:19Z,"lo-fi,lo-fi hip hop,lo-fi beats","Bcalm & Casiio",0.613,0.0296,1,-26.69,1,0.0344,0.979,0.932,0.0887,0.0637,99.936,4
spotify:track:1sVK0sqiifsa3nwqai6crK,"waiting","waiting","Skeptika;wavvzz",2025-02-14,132000,49,false,,2025-12-12T04:00:19Z,"lo-fi beats,lo-fi","Birds of Paradise Records",0.596,0.171,5,-14.977,0,0.154,0.327,0.948,0.103,0.299,161.232,4
spotify:track:2RyZjcwgW7X3eMm38hZ0zo,"shelter","shelter","Kolorama",2023-09-08,125500,52,false,,2025-12-12T04:00:19Z,"lo-fi","Kolorama",0.517,0.0924,2,-26.142,1,0.031,0.942,0.935,0.129,0.131,108.054,4
spotify:track:43IS06oECXtadEuFCuqDiX,"Coffee Shop","Coffee Shop","ax am",2023-11-17,135146,56,false,,2025-12-12T04:00:19Z,"lo-fi","ax am",0.375,0.0554,7,-18.409,1,0.0697,0.875,0.925,0.112,0.338,104.205,4
spotify:track:2pe4uQh4EnCeBhY9Uo9t5D,"breathe in","breathe in","Cheeky Beez",2024-01-21,148455,52,false,,2025-12-12T04:00:19Z,"lo-fi beats,lo-fi","Chill Caterpillar",0.579,0.137,7,-15.429,1,0.0358,0.838,0.924,0.112,0.254,136.054,4
spotify:track:0Y5v0SvdTk8mga4QTmQ1AR,"Soothe Your Soul","Soothe Your Soul","Breezonic",2024-03-31,140250,49,false,,2025-12-12T04:00:19Z,"lo-fi,lo-fi beats","Chill Caterpillar",0.385,0.301,0,-13.013,1,0.0732,0.937,0.922,0.359,0.095,184.639,3
spotify:track:2f1ksx2y6I207HVlilYBBZ,"Under the Moon","Under the Moon","Tropicolor",2024-06-12,126000,55,false,,2025-12-12T04:00:19Z,"lo-fi","Slumber Studios",0.311,0.0746,7,-18.473,0,0.0327,0.898,0.928,0.119,0.0382,82.581,3
spotify:track:0BBtNOB7ofrOJ9PLM74EQn,"shanghai tower","shanghai tower","yellofish",2024-02-23,137142,53,false,,2025-12-12T04:00:19Z,"lo-fi beats,lo-fi","Mega-Clout Sounds",0.715,0.13,1,-15.415,0,0.112,0.596,0.896,0.111,0.501,140.095,4
spotify:track:2UKmdTfUbFrOacKeS3qkJS,"Remedies","Remedies","Illum Noyz",2023-09-22,157000,52,false,,2025-12-12T04:00:19Z,"lo-fi beats,lo-fi","Illum Noyz",0.87,0.334,1,-11.023,1,0.0878,0.61,0.958,0.105,0.583,120.135,4
spotify:track:5cnwPn0MKDPnu2rUamIRgb,"reading","reading","herbstreit",2024-01-12,161000,51,false,,2025-12-12T04:00:19Z,"lo-fi beats,lo-fi","aisle filler",0.644,0.0421,5,-15.333,1,0.0415,0.98,0.961,0.0976,0.208,144.048,4
spotify:track:7y5FvLf4zFR4wyadweNWXy,"Blanket","Blanket","Demurely",2023-09-29,127741,54,false,,2025-12-12T04:00:19Z,"lo-fi","Demurely",0.656,0.109,7,-22.032,1,0.0414,0.898,0.946,0.109,0.0769,123.999,4
spotify:track:48mBkW6fjxqZtPskOIgiBZ,"A Logic Problem","A Logic Problem","Miss Misaki",2024-03-29,140600,48,false,,2025-12-12T04:00:19Z,"lo-fi beats,lo-fi","Miss Misaki",0.692,0.2,7,-11.133,1,0.395,0.73,0.914,0.0906,0.215,85.089,4
spotify:track:5SFKMQCsVPpb26Fg9euhr5,"after a long day","after a long day","fnonose;Juliàn",2024-09-06,144000,48,false,,2025-12-12T04:00:19Z,"lo-fi,lo-fi beats","fnonose",0.61,0.0345,7,-25.026,0,0.0284,0.966,0.887,0.109,0.0637,110.021,4
spotify:track:7ArMWsBYI59MmStLmWAYHj,"Aqua","Aqua","Hevi",2025-03-28,101818,48,true,,2025-12-12T04:00:19Z,"lo-fi hip hop,lo-fi,lo-fi beats","recordJet",0.658,0.142,4,-22.258,0,0.0389,0.87,0.943,0.107,0.0357,132.103,3
spotify:track:3oY2RXnYoPhtf6r552KfbN,"the clearing","the clearing","Zoe Reed",2023-11-19,148583,56,false,,2025-12-12T04:00:19Z,"lo-fi beats,lo-fi","Chill Caterpillar",0.879,0.218,3,-16.681,1,0.0777,0.566,0.79,0.103,0.663,129.997,4
